<home>
	<static_block>
		<item>
			<title>Adella Logo Sticky</title>
			<identifier>adella_logo_sticky</identifier>
			<content><![CDATA[<div><span><img src="{{media url="wysiwyg/logo_sticky.png"}}" alt="" /></span></div>]]></content>
		</item>
		<item>
			<title>Adella Logo Menu Light</title>
			<identifier>adella_logo_menu</identifier>
			<content><![CDATA[<div><img class="img-responsive" src="{{media url="wysiwyg/logo_menu.png"}}" alt="" /></div>]]></content>
		</item>
		<item>
			<title>Adella Slider Home 1</title>
			<identifier>adella_slider_home_1</identifier>
			<content><![CDATA[<div><img class="img-responsive" src="{{media url="wysiwyg/slider_h1_1.jpg"}}" alt="" /></div>
<div><img class="img-responsive" src="{{media url="wysiwyg/slider_h1_2.jpg"}}" alt="" /></div>
<div><img class="img-responsive" src="{{media url="wysiwyg/slider_h1_3.jpg"}}" alt="" /></div>]]></content>
		</item>
		<item>
			<title>Adella banner slider home1</title>
			<identifier>Adella banner slider home1</identifier>
			<content><![CDATA[<div id="banner_carousel" class="banner-carousel">
<div class="box-item box-style1 font-playfair"><img class="img-responsive" src="{{media url="wysiwyg/banner-slider1.jpg"}}" alt="" />
<div class="box-text"><span class="text-top text-26 text-italic">Spring collection</span> <span class="text-bottom text-26 text-italic">Read for men</span></div>
</div>
<div class="box-item box-style2"><img class="img-responsive" src="{{media url="wysiwyg/banner-slider21.jpg"}}" alt="" />
<div class="box-border "><span class="text-16 font-playfair">the biggest</span> <span class="text-30 font-playfair">summer collection</span>
<p>Donec at mattis purus, ut accumsan nisl. Lorem ipsum dolor sit amet, consectetur</p>
<div class="shop-now-abs"><a class=" btn btn-default" href="#">Shop now</a></div>
</div>
</div>
<div class="box-item box-style3"><img class="img-responsive" src="{{media url="wysiwyg/banner-slider3.jpg"}}" alt="" />
<div class="box-text"><span class="text-left-item text-26 font-playfair">real for women</span> <span class="text-right-item text-26 font-playfair">summer collection</span>
<p class="text-center margin-top10">Donec at mattis purus, ut accumsan nisl. Lorem ipsum dolor sit amet, consectetur</p>
<a class="btn btn-default" href="#">Shop now</a></div>
</div>
</div>
<script type="text/javascript" xml="space">
require([
'jquery',
'mgs/owlcarousel'
],function($){
var owl = $('#banner_carousel');
owl.owlCarousel({
items: 1,
autoplay: true,
loop:true,
stopOnHover: true,
nav: false,
dots: true,
reponsive: {0 : {items: 1}, 
480: {items: 1},
780: {items: 1},
991:{items: 1},
1200: {items: 1}}
});
});
</script>]]></content>
		</item>
		<item>
			<title>Adella banner text right</title>
			<identifier>adella_banner_text_right</identifier>
			<content><![CDATA[<div class="banner-text-right">
<div class="box-img"><span class="text-to-top">special to day</span>
<div class="box-hover"><img class="img-responsive" src="{{media url="wysiwyg/banner-text-right.jpg"}}" alt="" /></div>
</div>
<span class="text-to-right">collection's men</span></div>]]></content>
		</item>
		<item>
			<title>Adella banner text left</title>
			<identifier>adella_banner_text_left</identifier>
			<content><![CDATA[<div class="banner-text-left">
<div class="box-img"><span class="text-to-top">Save up to 30%</span>
<div class="box-hover"><img class="img-responsive" src="{{media url="wysiwyg/banner-text-left.jpg"}}" alt="" /></div>
</div>
<span class="text-to-left">The trendy 2016</span></div>]]></content>
		</item>
		<item>
			<title>Adella lookbook home 1</title>
			<identifier>adella_lookbook_home1</identifier>
			<content><![CDATA[<div id="lookbook_carousel" class="lookbook-carousel">
<div class="item"><img class="img-responsive" src="{{media url="wysiwyg/lookbook-1.jpg"}}" alt="" />
<div class="box-text"><span class="h2 font-playfair">New Trend 2016</span> <span class="text-72">look book</span> <a class="btn btn-primary" href="#">shop now</a></div>
</div>
<div class="item"><img class="img-responsive" src="{{media url="wysiwyg/lookbook-2.jpg"}}" alt="" />
<div class="box-text"><span class="h2 font-playfair">New Trend 2016</span> <span class="text-72">look book</span> <a class="btn btn-primary" href="#">shop now</a></div>
</div>
<div class="item"><img class="img-responsive" src="{{media url="wysiwyg/lookbook-3.jpg"}}" alt="" />
<div class="box-text"><span class="h2 font-playfair">New Trend 2016</span> <span class="text-72">look book</span> <a class="btn btn-primary" href="#">shop now</a></div>
</div>
</div>
<script type="text/javascript" xml="space">
require([
'jquery',
'mgs/owlcarousel'
],function($){
var owl = $('#lookbook_carousel');
owl.owlCarousel({
items: 1,
autoPlay: true,
stopOnHover: false,
nav: false,
dots: true,
reponsive: {0 : {items: 1}, 
480: {items: 1},
780: {items: 1},
991:{items: 1},
1200: {items: 1}}
});
});</script>]]></content>
		</item>
		<item>
			<title>Adella Featured Title Center</title>
			<identifier>adella_featured_title_center</identifier>
			<content><![CDATA[<div class="title-block text-center">
<h2>Featured Products</h2>
<p>Shop from over 99 of the best brands, including adella</p>
</div>]]></content>
		</item>
		<item>
			<title>Adella New Title Center</title>
			<identifier>adella_new_title_center</identifier>
			<content><![CDATA[<div class="title-block text-center">
<h2>New Products</h2>
<p>Shop from over 99 of the best brands, including adella</p>
</div>]]></content>
		</item>
		<item>
			<title>Adella Blog Title Center</title>
			<identifier>adella_blog_title_center</identifier>
			<content><![CDATA[<div class="title-block text-center">
<h2 style="color: #fff;">The Blogs</h2>
<p style="color: #626262;">visit the latest blogs from adella</p>
</div>]]></content>
		</item>
		<item>
			<title>Adella Block Join Newsletter</title>
			<identifier>adella_block_join_newsletter</identifier>
			<content><![CDATA[<div class="newsletter-home">
<div class="title-block text-center" style="margin-bottom: 25px;">
<h2>join our newsletter</h2>
<p>Sign up for our newsletter and get <span style="color: #5d957b;">20% off</span> your next order. Pretty sweet, we know.</p>
</div>
<div class="block block-home-subscribe text-center">{{block class="Magento\Newsletter\Block\Subscribe" template="Magento_Newsletter::subscribe-home.phtml"}}</div>
</div>]]></content>
		</item>
	</static_block>
	
	<cms_page>
		<title>Adella Home Version 1</title>
		<identifier>adella_home_version_1</identifier>
		<page_layout>1column</page_layout>
		<content><![CDATA[<div>{{widget type="MGS\Mpanel\Block\Widget\Slider" block_id="adella_slider_home_1" animate="1" banner_owl_auto="1" banner_owl_speed="9000" banner_owl_dot="1" banner_owl_loop="1"}}</div>
<!-- BANNER -->
<div class="section padding-top70 padding-bottom45">
<div class="container">
<div class="row">
<div class="col-md-3 hidden-sm hidden-xs">{{widget type="Magento\Cms\Block\Widget\Block" template="widget/static_block/default.phtml" block_id="adella_banner_text_left"}}</div>
<div class="col-md-6 col-sm-12">{{widget type="Magento\Cms\Block\Widget\Block" template="widget/static_block/default.phtml" block_id="adella_banner_slider_home1"}}</div>
<div class="col-md-3 hidden-sm hidden-xs">{{widget type="Magento\Cms\Block\Widget\Block" template="widget/static_block/default.phtml" block_id="adella_banner_text_right"}}</div>
</div>
</div>
</div>
<!-- FEATURED PRODUCT-->
<div class="section">
<div class="container">
<div class="row">
<div class="col-md-12 padding-bottom10">{{widget type="Magento\Cms\Block\Widget\Block" view_mode="mode_list" type_list="new" template="widget/static_block/default.phtml" block_id="adella_featured_title_center"}}</div>
<div class="col-md-12 padding-top10">{{widget type="MGS\Mpanel\Block\Widget\ProductList" view_mode="mode_grid" type_list="attribute" attribute_filter_list="featured_product" slider_mode_grid="1" per_row_grid="4" number_show="12"}}</div>
</div>
</div>
</div>
<!-- LOOKBOOK-->
<div class="section padding-top25 padding-bottom40" style="background-image: url('pub/media/wysiwyg/bg-lookbook.jpg'); background-position: center center; background-repeat: no-repeat;">
<div class="container">
<div class="row">
<div class="col-md-12">{{widget type="Magento\Cms\Block\Widget\Block" template="widget/static_block/default.phtml" block_id="adella_lookbook_home1"}}</div>
</div>
</div>
</div>
<!-- NEW PRODUCT-->
<div class="section padding-top30 padding-bottom30">
<div class="container">
<div class="row">
<div class="col-md-12 padding-bottom15">{{widget type="Magento\Cms\Block\Widget\Block" template="widget/static_block/default.phtml" block_id="adella_new_title_center"}}</div>
<div class="col-md-12 padding-top15">{{widget type="MGS\Mpanel\Block\Widget\ProductList" view_mode="mode_grid" type_list="new" slider_mode_grid="1" per_row_grid="5" number_show="12"}}</div>
</div>
</div>
</div>
<!--BLOG-->
<div class="section padding-top75 padding-bottom80" style="background-image: url('pub/media/wysiwyg/bg-blog.jpg'); background-repeat: repeat;">
<div class="container">
<div class="row">
<div class="col-md-12 padding-bottom15">{{widget type="Magento\Cms\Block\Widget\Block" template="widget/static_block/default.phtml" block_id="adella_blog_title_center"}}</div>
<div class="col-md-12 padding-top15">{{widget type="MGS\Blog\Block\Widget\Lastest" number_of_posts="10" show_thumbnail="1" thumbnail_width="268" thumbnail_height="355" view_as="owl_carousel" items="2" navigation="1" template="widget/default.phtml"}}</div>
</div>
</div>
</div>
<!-- NEWSLETTER -->
<div class="section padding-top75 padding-bottom75">
<div class="container">
<div class="row">
<div class="col-md-12">{{widget type="Magento\Cms\Block\Widget\Block" template="widget/static_block/default.phtml" block_id="adella_block_join_newsletter"}}</div>
</div>
</div>
</div>]]></content>
	</cms_page>
</home>